# N elementos procesados,Tiempo Promedio[ms],STD Tiempo [ms], #100 rep
10.0,0.03815,0.0026
20.0,0.09023,0.02281
30.0,0.16778,0.04103
50.0,0.44871,0.16612
100.0,2.50238,1.37722
200.0,17.51852,11.26354
