# N elementos procesados,Tiempo Promedio[ms],STD Tiempo [ms], #100 rep
10.0,0.0,0.0
20.0,0.0,0.0
30.0,0.0,0.0
50.0,0.0488,0.10637
100.0,0.27452,0.25893
200.0,1.36591,1.2429
500.0,16.29004,18.31535
1000.0,172.93981,207.97089
1200.0,406.15419,383.73428
1500.0,1032.27602,1011.37417
2000.0,3916.45274,4662.46871
