# N elementos procesados,Tiempo Promedio[ms],STD Tiempo [ms], #100 rep
10.0,0.0,0.0
20.0,0.0,0.0
30.0,0.0,0.0
50.0,0.04877,0.10629
100.0,0.23432,0.20851
200.0,1.33392,1.25034
500.0,16.25727,18.31745
1000.0,175.02042,211.15787
1200.0,431.23218,414.02346
1500.0,1049.68865,1008.75849
