# N elementos procesados,Tiempo Promedio[ms],STD Tiempo [ms] 
10,0.00385,0.00007
20,0.02919,0.00003
30,0.10541,0.01526
50,0.49978,0.09639
100,4.18276,0.19404
200,34.08895,0.66880
500,665.74182,18.86663
1000,8944.42188,198.74394
1200,13217.62012,295.56955
1500,33386.95703,310.06110

