# N elementos procesados,Tiempo Promedio[ms],STD Tiempo [ms], #100 rep
2.0,0.02217,0.00271
20.0,0.07274,0.01697
30.0,0.15767,0.04237
50.0,0.4457,0.17041
100.0,2.53386,1.40056
200.0,17.61847,11.31737
500.0,543.13762,429.26194
1000.0,7325.04518,5994.55649
1200.0,17875.48121,11440.5648
1500.0,37036.39592,22021.35856
