# N elementos procesados,Tiempo Promedio[ms],STD Tiempo [ms], #100 rep
100000.0,7.92448,0.60522
143845.0,8.87303,0.49802
206914.0,10.39512,0.74434
297635.0,12.57591,1.23256
428133.0,15.70964,2.00631
615848.0,19.86006,3.1002
885867.0,25.22938,4.59063
1274275.0,32.60485,6.75829
1832981.0,41.68828,9.42561
2636651.0,53.95321,13.34525
3792690.0,71.01092,19.23915
5455595.0,93.50277,27.20657
7847600.0,124.55234,38.87926
