# N elementos procesados,Tiempo Promedio[ms],STD Tiempo [ms], #100 rep
100000.0,5.43838,0.44696
143845.0,5.97063,0.34737
206914.0,6.91704,0.45765
297635.0,8.19411,0.71241
428133.0,9.91604,1.12043
615848.0,12.21049,1.71323
885867.0,15.17632,2.5075
1274275.0,19.12264,3.64632
1832981.0,24.56886,5.36628
2636651.0,31.87239,7.76216
3792690.0,41.15328,10.78485
5455595.0,53.55913,15.08956
7847600.0,70.55858,21.4001
11288379.0,93.4197,30.1764
