# N elementos procesados,Tiempo Promedio[ms],STD Tiempo [ms], #100 rep
100000.0,1.64576,0.01205
143845.0,1.95846,0.0848
206914.0,2.33882,0.1731
297635.0,2.91299,0.30533
428133.0,3.65434,0.48343
615848.0,4.65737,0.7518
885867.0,5.9725,1.11644
1274275.0,7.71031,1.628
1832981.0,9.96251,2.3038
2636651.0,12.86393,3.22248
3792690.0,17.06862,4.69784
5455595.0,22.58069,6.66926
7847600.0,30.05337,9.46581
