# N elementos procesados,Tiempo Promedio[ms],STD Tiempo [ms] 
2,0.00149,0.00028
20,1.01060,0.02084
30,3.36387,0.01271
50,18.01807,0.19620
100,149.06442,1.75031
200,1209.95044,2.50464
500,22120.93750,167.78688
1000,208188.54688,332.40082
1200,367266.31250,781.97632
1500,726283.37500,1199.74829
